A1,msh1
A2,msh1
A3,msh1
A4,msh1
A5,msh1
A6,msh1
A7,msh1
A8,msh1
A9,msh1
A10,msh1
A11,msh1
A12,msh1
A13,msh1
A14,msh1
A15,msh1
A16,msh1
A17,msh1
A18,msh1
A19,msh1
A20,msh1
A21,msh1
A22,msh1
A23,msh1
A24,msh1
A25,msh1
A26,msh1
A27,msh1
A28,msh1
A29,msh1
A30,msh1
A31,msh1
A32,msh1
A33,msh1
A34,msh1
A35,msh1
A36,msh1drm2
A37,msh1drm2
A38,msh1drm2
A39,msh1drm2
A40,msh1drm2
A41,msh1drm2
A42,msh1drm2
A43,msh1drm2
A44,msh1drm2
A45,msh1drm2
A46,msh1drm2
A47,msh1drm2
A48,msh1drm2
A49,msh1drm2
A50,msh1drm2
A51,msh1drm2
A52,msh1drm2
A53,msh1drm2
A54,msh1drm2
A55,msh1drm2
A56,msh1drm2
A57,msh1drm2
A58,msh1drm2
A59,msh1drm2
A60,msh1drm2
A61,msh1drm2
A62,msh1drm2
A63,msh1drm2
A64,msh1drm2
A65,msh1drm2
A66,msh1drm2
A67,msh1drm2
A68,WT
A69,WT
A70,WT
A71,WT
A72,WT
A73,WT
A74,WT
A75,WT
A76,WT
A77,WT
A78,WT
A79,WT
A80,WT
